Time,Error,Angle
99,-13.23984,17.24377
475,-4.478907,16.34799
945,-10.68047,14.14702
1043,1.722656,15.07197
1139,-15.55313,11.17487
1421,-8.416407,9.593067
1519,7.0875,11.7498
1616,-14.175,7.957936
1894,-14.66719,4.989264
1988,8.564062,7.838586
2081,4.232813,8.561448
2535,9.253124,10.46428
2630,-14.32266,6.447668
2995,10.58203,8.873373
3090,4.232813,9.435501
3451,3.248437,10.06577
3546,8.71172,12.07451
3640,-14.66719,8.026302
4006,9.696095,10.26836
4553,6.546094,11.55358
