Time,Error,Angle
366,8.170313,27.25535
1013,6.447657,28.54488
1388,5.463282,29.62472
2040,3.051562,30.21658
2693,6.152344,31.47028
